{
  "dependencies": [
    {
      "name": "@caws-blueprint-tool/blueprint-cli",
      "type": "build"
    },
    {
      "name": "@types/node",
      "version": "^14.17.0",
      "type": "build"
    },
    {
      "name": "npm-check-updates",
      "version": "^11",
      "type": "build"
    },
    {
      "name": "projen",
      "type": "build"
    },
    {
      "name": "standard-version",
      "version": "^9",
      "type": "build"
    },
    {
      "name": "ts-node",
      "version": "^9",
      "type": "build"
    },
    {
      "name": "typescript",
      "type": "build"
    },
    {
      "name": "@caws-blueprint-component/caws-source-repositories",
      "type": "runtime"
    },
    {
      "name": "@caws-blueprint-util/blueprint-projen",
      "type": "runtime"
    },
    {
      "name": "@caws-blueprint-util/blueprint-utils",
      "type": "runtime"
    },
    {
      "name": "@caws-blueprint/caws.blueprint",
      "version": "0.x",
      "type": "runtime"
    },
    {
      "name": "camelcase",
      "version": "1.x",
      "type": "runtime"
    },
    {
      "name": "decamelize",
      "version": "5.0.x",
      "type": "runtime"
    },
    {
      "name": "projen",
      "version": "0.31.0",
      "type": "runtime"
    },
    {
      "name": "typescript",
      "version": "4.x",
      "type": "runtime"
    }
  ],
  "//": "~~ Generated by projen. To modify, edit .projenrc.js and run \"npx projen\"."
}
