{
  "dependencies": [
    {
      "name": "@types/node",
      "version": "^14.17.0",
      "type": "build"
    },
    {
      "name": "npm-check-updates",
      "version": "^11",
      "type": "build"
    },
    {
      "name": "projen",
      "version": "0.30.0",
      "type": "build"
    },
    {
      "name": "standard-version",
      "version": "^9",
      "type": "build"
    },
    {
      "name": "ts-node",
      "version": "^9",
      "type": "build"
    },
    {
      "name": "typescript",
      "type": "build"
    },
    {
      "name": "projen",
      "version": "^0.30.0",
      "type": "peer"
    }
  ],
  "//": "~~ Generated by projen. To modify, edit .projenrc.js and run \"npx projen\"."
}
