{
  "dependencies": [
    {
      "name": "@caws-blueprint-tool/blueprint-cli",
      "type": "build"
    },
    {
      "name": "@caws-blueprint-util/blueprint-projen",
      "type": "build"
    },
    {
      "name": "@types/node",
      "version": "^14.17.0",
      "type": "build"
    },
    {
      "name": "npm-check-updates",
      "version": "^11",
      "type": "build"
    },
    {
      "name": "projen",
      "type": "build"
    },
    {
      "name": "standard-version",
      "version": "^9",
      "type": "build"
    },
    {
      "name": "ts-node",
      "version": "^9",
      "type": "build"
    },
    {
      "name": "typescript",
      "type": "build"
    },
    {
      "name": "projen",
      "version": "0.31.0",
      "type": "runtime"
    }
  ],
  "//": "~~ Generated by projen. To modify, edit .projenrc.js and run \"npx projen\"."
}
